caller_pgmDepth,caller_pgmPartition,caller_pgmLibrary,caller_pgmName,caller_lineno,pgmDepth,pgmPartition,pgmLibrary,pgmName,pgmStepCount,pgmType,fileNo,filePartition,fileLibrary,fileName,cmdName/fileDevice,cmdPara/fileFormat,recordLength/fileStepCount,fileType,C,R,U,D,testTargetType,real_filePartition,real_ fileLibrary,real_ fileName
0,-,-,-,-,1,KOUBAI01,BAALIB,JBAA20M0,698,CL,901,KOUBAI01,BAALIB,BAA050DK,CPYF,FROMFILE,-,-,-,R,-,-,todo,KOUBAI01,BAALIB,BAA050DK
0,-,-,-,-,1,KOUBAI01,BAALIB,JBAA20M0,698,CL,902,KOUBAI01,BAALIB,BAA050D1,CPYF,TOFILE,-,-,C,-,-,-,todo,KOUBAI01,BAALIB,BAA050D1
0,-,-,-,-,1,KOUBAI01,BAALIB,JBAA20M0,698,CL,961,KOUBAI01,BAALIB,BAA060DK,CPYF,FROMFILE,-,-,-,R,-,-,todo,KOUBAI01,BAALIB,BAA060DK
0,-,-,-,-,1,KOUBAI01,BAALIB,JBAA20M0,698,CL,962,KOUBAI01,BAALIB,BAA060D1,CPYF,TOFILE,-,-,C,-,-,-,todo,KOUBAI01,BAALIB,BAA060D1
0,-,-,-,-,1,KOUBAI01,BAALIB,JBAA20M0,698,CL,1021,KOUBAI01,BAALIB,BAA050DK,DLTF,FILE,-,-,-,-,-,D,todo,KOUBAI01,BAALIB,BAA050DK
0,-,-,-,-,1,KOUBAI01,BAALIB,JBAA20M0,698,CL,1041,KOUBAI01,BAALIB,BAA060DK,DLTF,FILE,-,-,-,-,-,D,todo,KOUBAI01,BAALIB,BAA060DK
0,-,-,-,-,1,KOUBAI01,BAALIB,JBAA20M0,698,CL,1121,KOUBAI01,BAALIB,BAA015DK,CHKOBJ,OBJ,-,-,todo,todo,todo,todo,todo,KOUBAI01,BAALIB,BAA015DK
0,-,-,-,-,1,KOUBAI01,BAALIB,JBAA20M0,698,CL,1131,KOUBAI01,BAALIB,BAA015DK,CRTPF,FILE,-,-,todo,todo,todo,todo,todo,KOUBAI01,BAALIB,BAA015DK
0,-,-,-,-,1,KOUBAI01,BAALIB,JBAA20M0,698,CL,1171,KOUBAI01,BAALIB,BAA015DK,CLRPFM,FILE,-,-,-,-,-,D,todo,KOUBAI01,BAALIB,BAA015DK
0,-,-,-,-,1,KOUBAI01,BAALIB,JBAA20M0,698,CL,1191,KOUBAI01,BAALIB,BAA015I,OVRDBF,FROMFILE,-,-,todo,todo,todo,todo,todo,KOUBAI01,BAALIB,BAA015I
0,-,-,-,-,1,KOUBAI01,BAALIB,JBAA20M0,698,CL,1192,KOUBAI01,AACLIB,AAC010DK,OVRDBF,TOFILE,-,-,todo,todo,todo,todo,todo,KOUBAI01,AACLIB,AAC010DK
0,-,-,-,-,1,KOUBAI01,BAALIB,JBAA20M0,698,CL,1201,KOUBAI01,BAALIB,BAA015O,OVRDBF,FROMFILE,-,-,todo,todo,todo,todo,todo,KOUBAI01,BAALIB,BAA015O
0,-,-,-,-,1,KOUBAI01,BAALIB,JBAA20M0,698,CL,1202,KOUBAI01,BAALIB,BAA015DK,OVRDBF,TOFILE,-,-,todo,todo,todo,todo,todo,KOUBAI01,BAALIB,BAA015DK
0,-,-,-,-,1,KOUBAI01,BAALIB,JBAA20M0,698,CL,1781,KOUBAI01,BAALIB,WBAA015DK,CHKOBJ,OBJ,-,-,todo,todo,todo,todo,todo,KOUBAI01,BAALIB,WBAA015DK
0,-,-,-,-,1,KOUBAI01,BAALIB,JBAA20M0,698,CL,1791,KOUBAI01,BAALIB,WBAA015DK,CRTPF,FILE,-,-,todo,todo,todo,todo,todo,KOUBAI01,BAALIB,WBAA015DK
0,-,-,-,-,1,KOUBAI01,BAALIB,JBAA20M0,698,CL,1831,KOUBAI01,BAALIB,WBAA015DK,CLRPFM,FILE,-,-,-,-,-,D,todo,KOUBAI01,BAALIB,WBAA015DK
0,-,-,-,-,1,KOUBAI01,BAALIB,JBAA20M0,698,CL,1851,KOUBAI01,BAALIB,BAA015DK,FMTDTA,INFILE,-,-,todo,todo,todo,todo,todo,KOUBAI01,BAALIB,BAA015DK
0,-,-,-,-,1,KOUBAI01,BAALIB,JBAA20M0,698,CL,1852,KOUBAI01,BAALIB,WBAA015DK,FMTDTA,OUTFILE,-,-,todo,todo,todo,todo,todo,KOUBAI01,BAALIB,WBAA015DK
0,-,-,-,-,1,KOUBAI01,BAALIB,JBAA20M0,698,CL,1853,KOUBAI01,BAALIB,BAA040SO,FMTDTA,SRCFILE/MBR,-,-,-,-,-,-,N,KOUBAI01,BAALIB,BAA040SO
0,-,-,-,-,1,KOUBAI01,BAALIB,JBAA20M0,698,CL,1911,KOUBAI01,BAALIB,BAA040DK,CHKOBJ,OBJ,-,-,todo,todo,todo,todo,todo,KOUBAI01,BAALIB,BAA040DK
0,-,-,-,-,1,KOUBAI01,BAALIB,JBAA20M0,698,CL,1921,KOUBAI01,BAALIB,BAA040DK,CRTPF,FILE,-,-,todo,todo,todo,todo,todo,KOUBAI01,BAALIB,BAA040DK
0,-,-,-,-,1,KOUBAI01,BAALIB,JBAA20M0,698,CL,1961,KOUBAI01,BAALIB,BAA040DK,CLRPFM,FILE,-,-,-,-,-,D,todo,KOUBAI01,BAALIB,BAA040DK
0,-,-,-,-,1,KOUBAI01,BAALIB,JBAA20M0,698,CL,1981,KOUBAI01,BAALIB,ERRORN2,CHKOBJ,OBJ,-,-,todo,todo,todo,todo,todo,KOUBAI01,BAALIB,ERRORN2
0,-,-,-,-,1,KOUBAI01,BAALIB,JBAA20M0,698,CL,1991,KOUBAI01,BAALIB,ERRORN2,CRTPF,FILE,-,-,todo,todo,todo,todo,todo,KOUBAI01,BAALIB,ERRORN2
0,-,-,-,-,1,KOUBAI01,BAALIB,JBAA20M0,698,CL,2021,KOUBAI01,BAALIB,ERRORN2,CLRPFM,FILE,-,-,-,-,-,D,todo,KOUBAI01,BAALIB,ERRORN2
0,-,-,-,-,1,KOUBAI01,BAALIB,JBAA20M0,698,CL,2041,KOUBAI01,BAALIB,QPRINT,OVRPRTF,FILE,-,-,todo,todo,todo,todo,todo,KOUBAI01,BAALIB,QPRINT
0,-,-,-,-,1,KOUBAI01,BAALIB,JBAA20M0,698,CL,2042,KOUBAI01,BAALIB,PDFKKIKAK.JBAA20M001,OVRPRTF,OUTQ.SPLFNAME,-,-,todo,todo,todo,todo,todo,KOUBAI01,BAALIB,PDFKKIKAK.JBAA20M001
0,-,-,-,-,1,KOUBAI01,BAALIB,JBAA20M0,698,CL,2081,KOUBAI01,BAALIB,BAA040I,OVRDBF,FROMFILE,-,-,todo,todo,todo,todo,todo,KOUBAI01,BAALIB,BAA040I
0,-,-,-,-,1,KOUBAI01,BAALIB,JBAA20M0,698,CL,2082,KOUBAI01,BAALIB,WBAA015DK,OVRDBF,TOFILE,-,-,todo,todo,todo,todo,todo,KOUBAI01,BAALIB,WBAA015DK
0,-,-,-,-,1,KOUBAI01,BAALIB,JBAA20M0,698,CL,2091,KOUBAI01,PIALIB,PIAGM1,OVRDBF,FROMFILE,-,-,todo,todo,todo,todo,todo,KOUBAI01,PIALIB,PIAGM1
0,-,-,-,-,1,KOUBAI01,BAALIB,JBAA20M0,698,CL,2092,KOUBAI01,PIALIB,PIAGM1,OVRDBF,TOFILE,-,-,todo,todo,todo,todo,todo,KOUBAI01,PIALIB,PIAGM1
0,-,-,-,-,1,KOUBAI01,BAALIB,JBAA20M0,698,CL,2101,KOUBAI01,PIALIB,PIAGM2,OVRDBF,FROMFILE,-,-,todo,todo,todo,todo,todo,KOUBAI01,PIALIB,PIAGM2
0,-,-,-,-,1,KOUBAI01,BAALIB,JBAA20M0,698,CL,2102,KOUBAI01,PIALIB,PIAGM2,OVRDBF,TOFILE,-,-,todo,todo,todo,todo,todo,KOUBAI01,PIALIB,PIAGM2
0,-,-,-,-,1,KOUBAI01,BAALIB,JBAA20M0,698,CL,2111,KOUBAI01,PIALIB,PIAGM3,OVRDBF,FROMFILE,-,-,todo,todo,todo,todo,todo,KOUBAI01,PIALIB,PIAGM3
0,-,-,-,-,1,KOUBAI01,BAALIB,JBAA20M0,698,CL,2112,KOUBAI01,PIALIB,PIAGM3,OVRDBF,TOFILE,-,-,todo,todo,todo,todo,todo,KOUBAI01,PIALIB,PIAGM3
0,-,-,-,-,1,KOUBAI01,BAALIB,JBAA20M0,698,CL,2121,KOUBAI01,BAALIB,BAA040O,OVRDBF,FROMFILE,-,-,todo,todo,todo,todo,todo,KOUBAI01,BAALIB,BAA040O
0,-,-,-,-,1,KOUBAI01,BAALIB,JBAA20M0,698,CL,2122,KOUBAI01,BAALIB,BAA040DK,OVRDBF,TOFILE,-,-,todo,todo,todo,todo,todo,KOUBAI01,BAALIB,BAA040DK
0,-,-,-,-,1,KOUBAI01,BAALIB,JBAA20M0,698,CL,2131,KOUBAI01,BAALIB,ERRORFL,OVRDBF,FROMFILE,-,-,todo,todo,todo,todo,todo,KOUBAI01,BAALIB,ERRORFL
0,-,-,-,-,1,KOUBAI01,BAALIB,JBAA20M0,698,CL,2132,KOUBAI01,BAALIB,ERRORN2,OVRDBF,TOFILE,-,-,todo,todo,todo,todo,todo,KOUBAI01,BAALIB,ERRORN2
0,-,-,-,-,1,KOUBAI01,BAALIB,JBAA20M0,698,CL,2161,KOUBAI01,BAALIB,WBAA015DK,DLTF,FILE,-,-,-,-,-,D,todo,KOUBAI01,BAALIB,WBAA015DK
0,-,-,-,-,1,KOUBAI01,BAALIB,JBAA20M0,698,CL,2211,KOUBAI01,BAALIB,BAA050IN,CHKOBJ,OBJ,-,-,todo,todo,todo,todo,todo,KOUBAI01,BAALIB,BAA050IN
0,-,-,-,-,1,KOUBAI01,BAALIB,JBAA20M0,698,CL,2221,KOUBAI01,BAALIB,BAA050IN,CRTPF,FILE,-,-,todo,todo,todo,todo,todo,KOUBAI01,BAALIB,BAA050IN
0,-,-,-,-,1,KOUBAI01,BAALIB,JBAA20M0,698,CL,2261,KOUBAI01,BAALIB,BAA050IN,CLRPFM,FILE,-,-,-,-,-,D,todo,KOUBAI01,BAALIB,BAA050IN
0,-,-,-,-,1,KOUBAI01,BAALIB,JBAA20M0,698,CL,2281,KOUBAI01,BAALIB,BAA040DK,FMTDTA,INFILE,-,-,todo,todo,todo,todo,todo,KOUBAI01,BAALIB,BAA040DK
0,-,-,-,-,1,KOUBAI01,BAALIB,JBAA20M0,698,CL,2282,KOUBAI01,BAALIB,BAA050IN,FMTDTA,OUTFILE,-,-,todo,todo,todo,todo,todo,KOUBAI01,BAALIB,BAA050IN
0,-,-,-,-,1,KOUBAI01,BAALIB,JBAA20M0,698,CL,2283,KOUBAI01,BAALIB,BAA050IN1,FMTDTA,SRCFILE/MBR,-,-,-,-,-,-,N,KOUBAI01,BAALIB,BAA050IN1
0,-,-,-,-,1,KOUBAI01,BAALIB,JBAA20M0,698,CL,2381,KOUBAI01,BAALIB,BAA050DK,CHKOBJ,OBJ,-,-,todo,todo,todo,todo,todo,KOUBAI01,BAALIB,BAA050DK
0,-,-,-,-,1,KOUBAI01,BAALIB,JBAA20M0,698,CL,2391,KOUBAI01,BAALIB,BAA050DK,CRTPF,FILE,-,-,todo,todo,todo,todo,todo,KOUBAI01,BAALIB,BAA050DK
0,-,-,-,-,1,KOUBAI01,BAALIB,JBAA20M0,698,CL,2431,KOUBAI01,BAALIB,BAA050DK,CLRPFM,FILE,-,-,-,-,-,D,todo,KOUBAI01,BAALIB,BAA050DK
0,-,-,-,-,1,KOUBAI01,BAALIB,JBAA20M0,698,CL,2451,KOUBAI01,BAALIB,BAA050I,OVRDBF,FROMFILE,-,-,todo,todo,todo,todo,todo,KOUBAI01,BAALIB,BAA050I
0,-,-,-,-,1,KOUBAI01,BAALIB,JBAA20M0,698,CL,2452,KOUBAI01,BAALIB,BAA050IN,OVRDBF,TOFILE,-,-,todo,todo,todo,todo,todo,KOUBAI01,BAALIB,BAA050IN
0,-,-,-,-,1,KOUBAI01,BAALIB,JBAA20M0,698,CL,2461,KOUBAI01,BAALIB,BAA050O,OVRDBF,FROMFILE,-,-,todo,todo,todo,todo,todo,KOUBAI01,BAALIB,BAA050O
0,-,-,-,-,1,KOUBAI01,BAALIB,JBAA20M0,698,CL,2462,KOUBAI01,BAALIB,BAA050DK,OVRDBF,TOFILE,-,-,todo,todo,todo,todo,todo,KOUBAI01,BAALIB,BAA050DK
0,-,-,-,-,1,KOUBAI01,BAALIB,JBAA20M0,698,CL,2551,KOUBAI01,BAALIB,DAISUDMY,CHKOBJ,OBJ,-,-,todo,todo,todo,todo,todo,KOUBAI01,BAALIB,DAISUDMY
0,-,-,-,-,1,KOUBAI01,BAALIB,JBAA20M0,698,CL,2561,KOUBAI01,BAALIB,DAISUDMY,CRTPF,FILE,-,-,todo,todo,todo,todo,todo,KOUBAI01,BAALIB,DAISUDMY
0,-,-,-,-,1,KOUBAI01,BAALIB,JBAA20M0,698,CL,2601,KOUBAI01,BAALIB,DAISUDMY,CLRPFM,FILE,-,-,-,-,-,D,todo,KOUBAI01,BAALIB,DAISUDMY
0,-,-,-,-,1,KOUBAI01,BAALIB,JBAA20M0,698,CL,2621,KOUBAI01,BAALIB,BAA055I,OVRDBF,FROMFILE,-,-,todo,todo,todo,todo,todo,KOUBAI01,BAALIB,BAA055I
0,-,-,-,-,1,KOUBAI01,BAALIB,JBAA20M0,698,CL,2622,KOUBAI01,BAALIB,DAISUYSK,OVRDBF,TOFILE,-,-,todo,todo,todo,todo,todo,KOUBAI01,BAALIB,DAISUYSK
0,-,-,-,-,1,KOUBAI01,BAALIB,JBAA20M0,698,CL,2631,KOUBAI01,BAALIB,BAA055O,OVRDBF,FROMFILE,-,-,todo,todo,todo,todo,todo,KOUBAI01,BAALIB,BAA055O
0,-,-,-,-,1,KOUBAI01,BAALIB,JBAA20M0,698,CL,2632,KOUBAI01,BAALIB,DAISUDMY,OVRDBF,TOFILE,-,-,todo,todo,todo,todo,todo,KOUBAI01,BAALIB,DAISUDMY
0,-,-,-,-,1,KOUBAI01,BAALIB,JBAA20M0,698,CL,2691,KOUBAI01,BAALIB,DAISUFL,CHKOBJ,OBJ,-,-,todo,todo,todo,todo,todo,KOUBAI01,BAALIB,DAISUFL
0,-,-,-,-,1,KOUBAI01,BAALIB,JBAA20M0,698,CL,2701,KOUBAI01,BAALIB,DAISUFL,CRTPF,FILE,-,-,todo,todo,todo,todo,todo,KOUBAI01,BAALIB,DAISUFL
0,-,-,-,-,1,KOUBAI01,BAALIB,JBAA20M0,698,CL,2731,KOUBAI01,BAALIB,DAISUFL,CLRPFM,FILE,-,-,-,-,-,D,todo,KOUBAI01,BAALIB,DAISUFL
0,-,-,-,-,1,KOUBAI01,BAALIB,JBAA20M0,698,CL,2751,KOUBAI01,BAALIB,DAISUDMY,FMTDTA,INFILE,-,-,todo,todo,todo,todo,todo,KOUBAI01,BAALIB,DAISUDMY
0,-,-,-,-,1,KOUBAI01,BAALIB,JBAA20M0,698,CL,2752,KOUBAI01,BAALIB,DAISUFL,FMTDTA,OUTFILE,-,-,todo,todo,todo,todo,todo,KOUBAI01,BAALIB,DAISUFL
0,-,-,-,-,1,KOUBAI01,BAALIB,JBAA20M0,698,CL,2753,KOUBAI01,BAALIB,DAISUFL,FMTDTA,SRCFILE/MBR,-,-,-,-,-,-,N,KOUBAI01,BAALIB,DAISUFL
0,-,-,-,-,1,KOUBAI01,BAALIB,JBAA20M0,698,CL,2801,KOUBAI01,BAALIB,DAISUDMY,DLTF,FILE,-,-,-,-,-,D,todo,KOUBAI01,BAALIB,DAISUDMY
0,-,-,-,-,1,KOUBAI01,BAALIB,JBAA20M0,698,CL,3171,KOUBAI01,BAALIB,BAA060DK,CHKOBJ,OBJ,-,-,todo,todo,todo,todo,todo,KOUBAI01,BAALIB,BAA060DK
0,-,-,-,-,1,KOUBAI01,BAALIB,JBAA20M0,698,CL,3181,KOUBAI01,BAALIB,BAA060DK,CRTPF,FILE,-,-,todo,todo,todo,todo,todo,KOUBAI01,BAALIB,BAA060DK
0,-,-,-,-,1,KOUBAI01,BAALIB,JBAA20M0,698,CL,3221,KOUBAI01,BAALIB,BAA060DK,CLRPFM,FILE,-,-,-,-,-,D,todo,KOUBAI01,BAALIB,BAA060DK
0,-,-,-,-,1,KOUBAI01,BAALIB,JBAA20M0,698,CL,3241,KOUBAI01,BAALIB,PRINT,OVRPRTF,FILE,-,-,todo,todo,todo,todo,todo,KOUBAI01,BAALIB,PRINT
0,-,-,-,-,1,KOUBAI01,BAALIB,JBAA20M0,698,CL,3242,KOUBAI01,BAALIB,PDFKKIKAK.JBAA20M002,OVRPRTF,OUTQ.SPLFNAME,-,-,todo,todo,todo,todo,todo,KOUBAI01,BAALIB,PDFKKIKAK.JBAA20M002
0,-,-,-,-,1,KOUBAI01,BAALIB,JBAA20M0,698,CL,3281,KOUBAI01,BAALIB,BAA060P,OVRDBF,FROMFILE,-,-,todo,todo,todo,todo,todo,KOUBAI01,BAALIB,BAA060P
0,-,-,-,-,1,KOUBAI01,BAALIB,JBAA20M0,698,CL,3282,KOUBAI01,BAALIB,BAA050DK,OVRDBF,TOFILE,-,-,todo,todo,todo,todo,todo,KOUBAI01,BAALIB,BAA050DK
0,-,-,-,-,1,KOUBAI01,BAALIB,JBAA20M0,698,CL,3291,KOUBAI01,BAALIB,BAA060S,OVRDBF,FROMFILE,-,-,todo,todo,todo,todo,todo,KOUBAI01,BAALIB,BAA060S
0,-,-,-,-,1,KOUBAI01,BAALIB,JBAA20M0,698,CL,3292,KOUBAI01,BAALIB,BAA050D1,OVRDBF,TOFILE,-,-,todo,todo,todo,todo,todo,KOUBAI01,BAALIB,BAA050D1
0,-,-,-,-,1,KOUBAI01,BAALIB,JBAA20M0,698,CL,3301,KOUBAI01,BAALIB,SGCHKTB,OVRDBF,FROMFILE,-,-,todo,todo,todo,todo,todo,KOUBAI01,BAALIB,SGCHKTB
0,-,-,-,-,1,KOUBAI01,BAALIB,JBAA20M0,698,CL,3302,KOUBAI01,BAALIB,SGCHKTB,OVRDBF,TOFILE,-,-,todo,todo,todo,todo,todo,KOUBAI01,BAALIB,SGCHKTB
0,-,-,-,-,1,KOUBAI01,BAALIB,JBAA20M0,698,CL,3311,KOUBAI01,BAALIB,DAISUTB,OVRDBF,FROMFILE,-,-,todo,todo,todo,todo,todo,KOUBAI01,BAALIB,DAISUTB
0,-,-,-,-,1,KOUBAI01,BAALIB,JBAA20M0,698,CL,3312,KOUBAI01,BAALIB,DAISUFL,OVRDBF,TOFILE,-,-,todo,todo,todo,todo,todo,KOUBAI01,BAALIB,DAISUFL
0,-,-,-,-,1,KOUBAI01,BAALIB,JBAA20M0,698,CL,3321,KOUBAI01,BAALIB,BAA060O,OVRDBF,FROMFILE,-,-,todo,todo,todo,todo,todo,KOUBAI01,BAALIB,BAA060O
0,-,-,-,-,1,KOUBAI01,BAALIB,JBAA20M0,698,CL,3322,KOUBAI01,BAALIB,BAA060DK,OVRDBF,TOFILE,-,-,todo,todo,todo,todo,todo,KOUBAI01,BAALIB,BAA060DK
0,-,-,-,-,1,KOUBAI01,BAALIB,JBAA20M0,698,CL,3691,KOUBAI01,BAALIB,BAA070DK,CHKOBJ,OBJ,-,-,todo,todo,todo,todo,todo,KOUBAI01,BAALIB,BAA070DK
0,-,-,-,-,1,KOUBAI01,BAALIB,JBAA20M0,698,CL,3701,KOUBAI01,BAALIB,BAA070DK,CRTPF,FILE,-,-,todo,todo,todo,todo,todo,KOUBAI01,BAALIB,BAA070DK
0,-,-,-,-,1,KOUBAI01,BAALIB,JBAA20M0,698,CL,3741,KOUBAI01,BAALIB,BAA070DK,CLRPFM,FILE,-,-,-,-,-,D,todo,KOUBAI01,BAALIB,BAA070DK
0,-,-,-,-,1,KOUBAI01,BAALIB,JBAA20M0,698,CL,3761,KOUBAI01,BAALIB,PRINT,OVRPRTF,FILE,-,-,todo,todo,todo,todo,todo,KOUBAI01,BAALIB,PRINT
0,-,-,-,-,1,KOUBAI01,BAALIB,JBAA20M0,698,CL,3762,KOUBAI01,BAALIB,PDFKKIKAK.JBAA20M003,OVRPRTF,OUTQ.SPLFNAME,-,-,todo,todo,todo,todo,todo,KOUBAI01,BAALIB,PDFKKIKAK.JBAA20M003
0,-,-,-,-,1,KOUBAI01,BAALIB,JBAA20M0,698,CL,3801,KOUBAI01,BAALIB,BAA070P,OVRDBF,FROMFILE,-,-,todo,todo,todo,todo,todo,KOUBAI01,BAALIB,BAA070P
0,-,-,-,-,1,KOUBAI01,BAALIB,JBAA20M0,698,CL,3802,KOUBAI01,BAALIB,BAA060DK,OVRDBF,TOFILE,-,-,todo,todo,todo,todo,todo,KOUBAI01,BAALIB,BAA060DK
0,-,-,-,-,1,KOUBAI01,BAALIB,JBAA20M0,698,CL,3811,KOUBAI01,BAALIB,BAA070S,OVRDBF,FROMFILE,-,-,todo,todo,todo,todo,todo,KOUBAI01,BAALIB,BAA070S
0,-,-,-,-,1,KOUBAI01,BAALIB,JBAA20M0,698,CL,3812,KOUBAI01,BAALIB,BAA060D1,OVRDBF,TOFILE,-,-,todo,todo,todo,todo,todo,KOUBAI01,BAALIB,BAA060D1
0,-,-,-,-,1,KOUBAI01,BAALIB,JBAA20M0,698,CL,3821,KOUBAI01,BAALIB,BAA070O,OVRDBF,FROMFILE,-,-,todo,todo,todo,todo,todo,KOUBAI01,BAALIB,BAA070O
0,-,-,-,-,1,KOUBAI01,BAALIB,JBAA20M0,698,CL,3822,KOUBAI01,BAALIB,BAA070DK,OVRDBF,TOFILE,-,-,todo,todo,todo,todo,todo,KOUBAI01,BAALIB,BAA070DK
0,-,-,-,-,1,KOUBAI01,BAALIB,JBAA20M0,698,CL,3921,KOUBAI01,BAALIB,BAA075DK,CHKOBJ,OBJ,-,-,todo,todo,todo,todo,todo,KOUBAI01,BAALIB,BAA075DK
0,-,-,-,-,1,KOUBAI01,BAALIB,JBAA20M0,698,CL,3931,KOUBAI01,BAALIB,BAA075DK,CRTPF,FILE,-,-,todo,todo,todo,todo,todo,KOUBAI01,BAALIB,BAA075DK
0,-,-,-,-,1,KOUBAI01,BAALIB,JBAA20M0,698,CL,3971,KOUBAI01,BAALIB,BAA075DK,CLRPFM,FILE,-,-,-,-,-,D,todo,KOUBAI01,BAALIB,BAA075DK
0,-,-,-,-,1,KOUBAI01,BAALIB,JBAA20M0,698,CL,3991,KOUBAI01,BAALIB,FILEA,OVRDBF,FROMFILE,-,-,todo,todo,todo,todo,todo,KOUBAI01,BAALIB,FILEA
0,-,-,-,-,1,KOUBAI01,BAALIB,JBAA20M0,698,CL,3992,KOUBAI01,BAALIB,BAA070DK,OVRDBF,TOFILE,-,-,todo,todo,todo,todo,todo,KOUBAI01,BAALIB,BAA070DK
0,-,-,-,-,1,KOUBAI01,BAALIB,JBAA20M0,698,CL,4001,KOUBAI01,BAALIB,OUTFL,OVRDBF,FROMFILE,-,-,todo,todo,todo,todo,todo,KOUBAI01,BAALIB,OUTFL
0,-,-,-,-,1,KOUBAI01,BAALIB,JBAA20M0,698,CL,4002,KOUBAI01,BAALIB,BAA075DK,OVRDBF,TOFILE,-,-,todo,todo,todo,todo,todo,KOUBAI01,BAALIB,BAA075DK
0,-,-,-,-,1,KOUBAI01,BAALIB,JBAA20M0,698,CL,4091,KOUBAI01,BAALIB,BAA075DX,CHKOBJ,OBJ,-,-,todo,todo,todo,todo,todo,KOUBAI01,BAALIB,BAA075DX
0,-,-,-,-,1,KOUBAI01,BAALIB,JBAA20M0,698,CL,4101,KOUBAI01,BAALIB,BAA075DX,CRTPF,FILE,-,-,todo,todo,todo,todo,todo,KOUBAI01,BAALIB,BAA075DX
0,-,-,-,-,1,KOUBAI01,BAALIB,JBAA20M0,698,CL,4141,KOUBAI01,BAALIB,BAA075DX,CLRPFM,FILE,-,-,-,-,-,D,todo,KOUBAI01,BAALIB,BAA075DX
0,-,-,-,-,1,KOUBAI01,BAALIB,JBAA20M0,698,CL,4161,KOUBAI01,BAALIB,FILEA,OVRDBF,FROMFILE,-,-,todo,todo,todo,todo,todo,KOUBAI01,BAALIB,FILEA
0,-,-,-,-,1,KOUBAI01,BAALIB,JBAA20M0,698,CL,4162,KOUBAI01,BAALIB,BAA075DK,OVRDBF,TOFILE,-,-,todo,todo,todo,todo,todo,KOUBAI01,BAALIB,BAA075DK
0,-,-,-,-,1,KOUBAI01,BAALIB,JBAA20M0,698,CL,4171,KOUBAI01,BAALIB,OUTFL,OVRDBF,FROMFILE,-,-,todo,todo,todo,todo,todo,KOUBAI01,BAALIB,OUTFL
0,-,-,-,-,1,KOUBAI01,BAALIB,JBAA20M0,698,CL,4172,KOUBAI01,BAALIB,BAA075DX,OVRDBF,TOFILE,-,-,todo,todo,todo,todo,todo,KOUBAI01,BAALIB,BAA075DX
0,-,-,-,-,1,KOUBAI01,BAALIB,JBAA20M0,698,CL,4261,KOUBAI01,BAALIB,BAA075DX,CPYF,FROMFILE,-,-,-,R,-,-,todo,KOUBAI01,BAALIB,BAA075DX
0,-,-,-,-,1,KOUBAI01,BAALIB,JBAA20M0,698,CL,4262,UnknownPartition,UKIKLIB,WRIEKIY,CPYF,TOFILE,-,-,C,-,-,-,todo,UnknownPartition,UKIKLIB,WRIEKIY
0,-,-,-,-,1,KOUBAI01,BAALIB,JBAA20M0,698,CL,4291,UnknownPartition,UKIKLIB,RIEKIY,CLRPFM,FILE,-,-,-,-,-,D,todo,UnknownPartition,UKIKLIB,RIEKIY
0,-,-,-,-,1,KOUBAI01,BAALIB,JBAA20M0,698,CL,4301,KOUBAI01,BAALIB,INPUT,OVRDBF,FROMFILE,-,-,todo,todo,todo,todo,todo,KOUBAI01,BAALIB,INPUT
0,-,-,-,-,1,KOUBAI01,BAALIB,JBAA20M0,698,CL,4302,UnknownPartition,UKIKLIB,WRIEKIY,OVRDBF,TOFILE,-,-,todo,todo,todo,todo,todo,UnknownPartition,UKIKLIB,WRIEKIY
0,-,-,-,-,1,KOUBAI01,BAALIB,JBAA20M0,698,CL,4311,KOUBAI01,BAALIB,OUTPUT,OVRDBF,FROMFILE,-,-,todo,todo,todo,todo,todo,KOUBAI01,BAALIB,OUTPUT
0,-,-,-,-,1,KOUBAI01,BAALIB,JBAA20M0,698,CL,4312,UnknownPartition,UKIKLIB,RIEKIY,OVRDBF,TOFILE,-,-,todo,todo,todo,todo,todo,UnknownPartition,UKIKLIB,RIEKIY
0,-,-,-,-,1,KOUBAI01,BAALIB,JBAA20M0,698,CL,4441,UnknownPartition,WSVFLIB,JBAA20M0SV,CLRSAVF,FILE,-,-,-,-,-,D,todo,UnknownPartition,WSVFLIB,JBAA20M0SV
0,-,-,-,-,1,KOUBAI01,BAALIB,JBAA20M0,698,CL,4451,UnknownPartition,WSVFLIB,JBAA20M0SV,SAVOBJ,SAVF,-,-,todo,todo,todo,todo,todo,UnknownPartition,WSVFLIB,JBAA20M0SV
0,-,-,-,-,1,KOUBAI01,BAALIB,JBAA20M0,698,CL,4551,UnknownPartition,WSVFLIB,JBAA20M0S2,CLRSAVF,FILE,-,-,-,-,-,D,todo,UnknownPartition,WSVFLIB,JBAA20M0S2
0,-,-,-,-,1,KOUBAI01,BAALIB,JBAA20M0,698,CL,4561,UnknownPartition,WSVFLIB,JBAA20M0S2,SAVOBJ,SAVF,-,-,todo,todo,todo,todo,todo,UnknownPartition,WSVFLIB,JBAA20M0S2
0,-,-,-,-,1,KOUBAI01,BAALIB,JBAA20M0,698,CL,4661,UnknownPartition,WSVFLIB,JBAA20M0S3,CLRSAVF,FILE,-,-,-,-,-,D,todo,UnknownPartition,WSVFLIB,JBAA20M0S3
0,-,-,-,-,1,KOUBAI01,BAALIB,JBAA20M0,698,CL,4671,UnknownPartition,WSVFLIB,JBAA20M0S3,SAVOBJ,SAVF,-,-,todo,todo,todo,todo,todo,UnknownPartition,WSVFLIB,JBAA20M0S3
0,-,-,-,-,1,KOUBAI01,BAALIB,JBAA20M0,698,CL,4771,UnknownPartition,WSVFLIB,JBAA20M0S4,CLRSAVF,FILE,-,-,-,-,-,D,todo,UnknownPartition,WSVFLIB,JBAA20M0S4
0,-,-,-,-,1,KOUBAI01,BAALIB,JBAA20M0,698,CL,4781,UnknownPartition,WSVFLIB,JBAA20M0S4,SAVOBJ,SAVF,-,-,todo,todo,todo,todo,todo,UnknownPartition,WSVFLIB,JBAA20M0S4
0,-,-,-,-,1,KOUBAI01,BAALIB,JBAA20M0,698,CL,4861,UnknownPartition,WSVFLIB,JBAA20M0S5,CLRSAVF,FILE,-,-,-,-,-,D,todo,UnknownPartition,WSVFLIB,JBAA20M0S5
0,-,-,-,-,1,KOUBAI01,BAALIB,JBAA20M0,698,CL,4871,UnknownPartition,WSVFLIB,JBAA20M0S5,SAVOBJ,SAVF,-,-,todo,todo,todo,todo,todo,UnknownPartition,WSVFLIB,JBAA20M0S5
0,-,-,-,-,1,KOUBAI01,BAALIB,JBAA20M0,698,CL,4931,KOUBAI01,AACLIB,KOUNYU,DLTF,FILE,-,-,-,-,-,D,todo,KOUBAI01,AACLIB,KOUNYU
0,-,-,-,-,1,KOUBAI01,BAALIB,JBAA20M0,698,CL,4951,KOUBAI01,BAALIB,DATEFL,DLTF,FILE,-,-,-,-,-,D,todo,KOUBAI01,BAALIB,DATEFL
0,-,-,-,-,1,KOUBAI01,BAALIB,JBAA20M0,698,CL,4971,KOUBAI01,AACLIB,AAC010I1,DLTF,FILE,-,-,-,-,-,D,todo,KOUBAI01,AACLIB,AAC010I1
0,-,-,-,-,1,KOUBAI01,BAALIB,JBAA20M0,698,CL,4991,KOUBAI01,AACLIB,AAC010E1,DLTF,FILE,-,-,-,-,-,D,todo,KOUBAI01,AACLIB,AAC010E1
0,-,-,-,-,1,KOUBAI01,BAALIB,JBAA20M0,698,CL,5011,KOUBAI01,AACLIB,AAC010O1,DLTF,FILE,-,-,-,-,-,D,todo,KOUBAI01,AACLIB,AAC010O1
0,-,-,-,-,1,KOUBAI01,BAALIB,JBAA20M0,698,CL,5031,KOUBAI01,AACLIB,AAC010O2,DLTF,FILE,-,-,-,-,-,D,todo,KOUBAI01,AACLIB,AAC010O2
0,-,-,-,-,1,KOUBAI01,BAALIB,JBAA20M0,698,CL,5051,KOUBAI01,AACLIB,AAC010O3,DLTF,FILE,-,-,-,-,-,D,todo,KOUBAI01,AACLIB,AAC010O3
0,-,-,-,-,1,KOUBAI01,BAALIB,JBAA20M0,698,CL,5071,KOUBAI01,AACLIB,AAC010O4,DLTF,FILE,-,-,-,-,-,D,todo,KOUBAI01,AACLIB,AAC010O4
0,-,-,-,-,1,KOUBAI01,BAALIB,JBAA20M0,698,CL,5091,KOUBAI01,AACLIB,AAC010I2,DLTF,FILE,-,-,-,-,-,D,todo,KOUBAI01,AACLIB,AAC010I2
0,-,-,-,-,1,KOUBAI01,BAALIB,JBAA20M0,698,CL,5111,KOUBAI01,AACLIB,AAC010DK,DLTF,FILE,-,-,-,-,-,D,todo,KOUBAI01,AACLIB,AAC010DK
0,-,-,-,-,1,KOUBAI01,BAALIB,JBAA20M0,698,CL,5131,KOUBAI01,AACLIB,AAC020IN,DLTF,FILE,-,-,-,-,-,D,todo,KOUBAI01,AACLIB,AAC020IN
0,-,-,-,-,1,KOUBAI01,BAALIB,JBAA20M0,698,CL,5151,KOUBAI01,BAALIB,SSAKTANK,DLTF,FILE,-,-,-,-,-,D,todo,KOUBAI01,BAALIB,SSAKTANK
0,-,-,-,-,1,KOUBAI01,BAALIB,JBAA20M0,698,CL,5171,KOUBAI01,AACLIB,AAC070IN,DLTF,FILE,-,-,-,-,-,D,todo,KOUBAI01,AACLIB,AAC070IN
0,-,-,-,-,1,KOUBAI01,BAALIB,JBAA20M0,698,CL,5191,KOUBAI01,AACLIB,AAC070DK,DLTF,FILE,-,-,-,-,-,D,todo,KOUBAI01,AACLIB,AAC070DK
0,-,-,-,-,1,KOUBAI01,BAALIB,JBAA20M0,698,CL,5211,KOUBAI01,AACLIB,KOUNYU1,DLTF,FILE,-,-,-,-,-,D,todo,KOUBAI01,AACLIB,KOUNYU1
0,-,-,-,-,1,KOUBAI01,BAALIB,JBAA20M0,698,CL,5231,KOUBAI01,AACLIB,AAC080DK,DLTF,FILE,-,-,-,-,-,D,todo,KOUBAI01,AACLIB,AAC080DK
0,-,-,-,-,1,KOUBAI01,BAALIB,JBAA20M0,698,CL,5251,KOUBAI01,AACLIB,AAC070I2,DLTF,FILE,-,-,-,-,-,D,todo,KOUBAI01,AACLIB,AAC070I2
0,-,-,-,-,1,KOUBAI01,BAALIB,JBAA20M0,698,CL,5271,KOUBAI01,AACLIB,AAC070D1,DLTF,FILE,-,-,-,-,-,D,todo,KOUBAI01,AACLIB,AAC070D1
0,-,-,-,-,1,KOUBAI01,BAALIB,JBAA20M0,698,CL,5291,KOUBAI01,AACLIB,AAC070D2,DLTF,FILE,-,-,-,-,-,D,todo,KOUBAI01,AACLIB,AAC070D2
0,-,-,-,-,1,KOUBAI01,BAALIB,JBAA20M0,698,CL,5311,KOUBAI01,AACLIB,AAC070I1,DLTF,FILE,-,-,-,-,-,D,todo,KOUBAI01,AACLIB,AAC070I1
0,-,-,-,-,1,KOUBAI01,BAALIB,JBAA20M0,698,CL,5331,KOUBAI01,AAELIB,AAE010DK,DLTF,FILE,-,-,-,-,-,D,todo,KOUBAI01,AAELIB,AAE010DK
0,-,-,-,-,1,KOUBAI01,BAALIB,JBAA20M0,698,CL,5351,KOUBAI01,AAELIB,AAE000EK,DLTF,FILE,-,-,-,-,-,D,todo,KOUBAI01,AAELIB,AAE000EK
0,-,-,-,-,1,KOUBAI01,BAALIB,JBAA20M0,698,CL,5371,KOUBAI01,AAELIB,AAE020DK,DLTF,FILE,-,-,-,-,-,D,todo,KOUBAI01,AAELIB,AAE020DK
0,-,-,-,-,1,KOUBAI01,BAALIB,JBAA20M0,698,CL,5391,KOUBAI01,AABLIB,YEARDT,DLTF,FILE,-,-,-,-,-,D,todo,KOUBAI01,AABLIB,YEARDT
0,-,-,-,-,1,KOUBAI01,BAALIB,JBAA20M0,698,CL,5411,KOUBAI01,AABLIB,KOUNYU,DLTF,FILE,-,-,-,-,-,D,todo,KOUBAI01,AABLIB,KOUNYU
0,-,-,-,-,1,KOUBAI01,BAALIB,JBAA20M0,698,CL,5431,KOUBAI01,AABLIB,INSUTBFL,DLTF,FILE,-,-,-,-,-,D,todo,KOUBAI01,AABLIB,INSUTBFL
0,-,-,-,-,1,KOUBAI01,BAALIB,JBAA20M0,698,CL,5451,KOUBAI01,AABLIB,AAB020D1,DLTF,FILE,-,-,-,-,-,D,todo,KOUBAI01,AABLIB,AAB020D1
0,-,-,-,-,1,KOUBAI01,BAALIB,JBAA20M0,698,CL,5471,KOUBAI01,AABLIB,AAB020D3,DLTF,FILE,-,-,-,-,-,D,todo,KOUBAI01,AABLIB,AAB020D3
0,-,-,-,-,1,KOUBAI01,BAALIB,JBAA20M0,698,CL,5491,KOUBAI01,AABLIB,AAB021DK,DLTF,FILE,-,-,-,-,-,D,todo,KOUBAI01,AABLIB,AAB021DK
0,-,-,-,-,1,KOUBAI01,BAALIB,JBAA20M0,698,CL,5511,KOUBAI01,AABLIB,AAB030SR,DLTF,FILE,-,-,-,-,-,D,todo,KOUBAI01,AABLIB,AAB030SR
0,-,-,-,-,1,KOUBAI01,BAALIB,JBAA20M0,698,CL,5531,KOUBAI01,AABLIB,AAB030DK,DLTF,FILE,-,-,-,-,-,D,todo,KOUBAI01,AABLIB,AAB030DK
0,-,-,-,-,1,KOUBAI01,BAALIB,JBAA20M0,698,CL,5551,KOUBAI01,AABLIB,AAB070IN,DLTF,FILE,-,-,-,-,-,D,todo,KOUBAI01,AABLIB,AAB070IN
0,-,-,-,-,1,KOUBAI01,BAALIB,JBAA20M0,698,CL,5571,KOUBAI01,BAALIB,BAA015DK,DLTF,FILE,-,-,-,-,-,D,todo,KOUBAI01,BAALIB,BAA015DK
0,-,-,-,-,1,KOUBAI01,BAALIB,JBAA20M0,698,CL,5591,KOUBAI01,BAALIB,BAA040DK,DLTF,FILE,-,-,-,-,-,D,todo,KOUBAI01,BAALIB,BAA040DK
0,-,-,-,-,1,KOUBAI01,BAALIB,JBAA20M0,698,CL,5611,KOUBAI01,BAALIB,ERRORN1,DLTF,FILE,-,-,-,-,-,D,todo,KOUBAI01,BAALIB,ERRORN1
0,-,-,-,-,1,KOUBAI01,BAALIB,JBAA20M0,698,CL,5631,KOUBAI01,BAALIB,ERRORN2,DLTF,FILE,-,-,-,-,-,D,todo,KOUBAI01,BAALIB,ERRORN2
0,-,-,-,-,1,KOUBAI01,BAALIB,JBAA20M0,698,CL,5651,KOUBAI01,BAALIB,BAA050IN,DLTF,FILE,-,-,-,-,-,D,todo,KOUBAI01,BAALIB,BAA050IN
0,-,-,-,-,1,KOUBAI01,BAALIB,JBAA20M0,698,CL,5671,KOUBAI01,BAALIB,BAA050DK,DLTF,FILE,-,-,-,-,-,D,todo,KOUBAI01,BAALIB,BAA050DK
0,-,-,-,-,1,KOUBAI01,BAALIB,JBAA20M0,698,CL,5691,KOUBAI01,BAALIB,BAA050D1,DLTF,FILE,-,-,-,-,-,D,todo,KOUBAI01,BAALIB,BAA050D1
0,-,-,-,-,1,KOUBAI01,BAALIB,JBAA20M0,698,CL,5711,KOUBAI01,BAALIB,BAA060DK,DLTF,FILE,-,-,-,-,-,D,todo,KOUBAI01,BAALIB,BAA060DK
0,-,-,-,-,1,KOUBAI01,BAALIB,JBAA20M0,698,CL,5731,KOUBAI01,BAALIB,BAA060D1,DLTF,FILE,-,-,-,-,-,D,todo,KOUBAI01,BAALIB,BAA060D1
0,-,-,-,-,1,KOUBAI01,BAALIB,JBAA20M0,698,CL,5751,KOUBAI01,BAALIB,BAA070DK,DLTF,FILE,-,-,-,-,-,D,todo,KOUBAI01,BAALIB,BAA070DK
0,-,-,-,-,1,KOUBAI01,BAALIB,JBAA20M0,698,CL,5771,KOUBAI01,BAALIB,DAISUFL,DLTF,FILE,-,-,-,-,-,D,todo,KOUBAI01,BAALIB,DAISUFL
0,-,-,-,-,1,KOUBAI01,BAALIB,JBAA20M0,698,CL,5791,KOUBAI01,BAALIB,TABLEERR,DLTF,FILE,-,-,-,-,-,D,todo,KOUBAI01,BAALIB,TABLEERR
0,-,-,-,-,1,KOUBAI01,BAALIB,JBAA20M0,698,CL,5811,KOUBAI01,AACLIB,AAC010I2,DLTF,FILE,-,-,-,-,-,D,todo,KOUBAI01,AACLIB,AAC010I2
0,-,-,-,-,1,KOUBAI01,BAALIB,JBAA20M0,698,CL,5831,KOUBAI01,AACLIB,AAC010I3,DLTF,FILE,-,-,-,-,-,D,todo,KOUBAI01,AACLIB,AAC010I3
0,-,-,-,-,1,KOUBAI01,BAALIB,JBAA20M0,698,CL,5851,KOUBAI01,AACLIB,AAC020DK,DLTF,FILE,-,-,-,-,-,D,todo,KOUBAI01,AACLIB,AAC020DK
0,-,-,-,-,1,KOUBAI01,BAALIB,JBAA20M0,698,CL,5891,KOUBAI01,COMNLIB,MZDTAPE,DLTF,FILE,-,-,-,-,-,D,todo,KOUBAI01,COMNLIB,MZDTAPE
0,-,-,-,-,1,KOUBAI01,BAALIB,JBAA20M0,698,CL,5911,KOUBAI01,AACLIB,CHOKIF1,DLTF,FILE,-,-,-,-,-,D,todo,KOUBAI01,AACLIB,CHOKIF1
0,-,-,-,-,1,KOUBAI01,BAALIB,JBAA20M0,698,CL,5931,KOUBAI01,AACLIB,CHOKIF2,DLTF,FILE,-,-,-,-,-,D,todo,KOUBAI01,AACLIB,CHOKIF2
0,-,-,-,-,1,KOUBAI01,BAALIB,JBAA20M0,698,CL,5951,KOUBAI01,AACLIB,KNYYOS1,DLTF,FILE,-,-,-,-,-,D,todo,KOUBAI01,AACLIB,KNYYOS1
0,-,-,-,-,1,KOUBAI01,BAALIB,JBAA20M0,698,CL,5971,KOUBAI01,AACLIB,TJS124,DLTF,FILE,-,-,-,-,-,D,todo,KOUBAI01,AACLIB,TJS124
0,-,-,-,-,1,KOUBAI01,BAALIB,JBAA20M0,698,CL,5991,KOUBAI01,AACLIB,KNYYSXX,DLTF,FILE,-,-,-,-,-,D,todo,KOUBAI01,AACLIB,KNYYSXX
0,-,-,-,-,1,KOUBAI01,BAALIB,JBAA20M0,698,CL,6011,KOUBAI01,AAELIB,AAE010DK,DLTF,FILE,-,-,-,-,-,D,todo,KOUBAI01,AAELIB,AAE010DK
0,-,-,-,-,1,KOUBAI01,BAALIB,JBAA20M0,698,CL,6031,KOUBAI01,AAELIB,AAE010EK,DLTF,FILE,-,-,-,-,-,D,todo,KOUBAI01,AAELIB,AAE010EK
0,-,-,-,-,1,KOUBAI01,BAALIB,JBAA20M0,698,CL,6051,KOUBAI01,VAALIB,VAA500DK,DLTF,FILE,-,-,-,-,-,D,todo,KOUBAI01,VAALIB,VAA500DK
0,-,-,-,-,1,KOUBAI01,BAALIB,JBAA20M0,698,CL,6071,KOUBAI01,BAALIB,BAA075DK,DLTF,FILE,-,-,-,-,-,D,todo,KOUBAI01,BAALIB,BAA075DK
0,-,-,-,-,1,KOUBAI01,BAALIB,JBAA20M0,698,CL,6101,KOUBAI01,AACLIB,KNYYSXXL,DLTF,FILE,-,-,-,-,-,D,todo,KOUBAI01,AACLIB,KNYYSXXL
0,-,-,-,-,1,KOUBAI01,BAALIB,JBAA20M0,698,CL,6121,KOUBAI01,AACLIB,KOUNYUL,DLTF,FILE,-,-,-,-,-,D,todo,KOUBAI01,AACLIB,KOUNYUL
0,-,-,-,-,1,KOUBAI01,BAALIB,JBAA20M0,698,CL,6141,KOUBAI01,AACLIB,KOUNYU1L,DLTF,FILE,-,-,-,-,-,D,todo,KOUBAI01,AACLIB,KOUNYU1L
0,-,-,-,-,1,KOUBAI01,BAALIB,JBAA20M0,698,CL,6161,KOUBAI01,AACLIB,AAC020INL,DLTF,FILE,-,-,-,-,-,D,todo,KOUBAI01,AACLIB,AAC020INL
0,-,-,-,-,1,KOUBAI01,BAALIB,JBAA20M0,698,CL,6181,KOUBAI01,AACLIB,AAC020DKL,DLTF,FILE,-,-,-,-,-,D,todo,KOUBAI01,AACLIB,AAC020DKL
0,-,-,-,-,1,KOUBAI01,BAALIB,JBAA20M0,698,CL,6201,KOUBAI01,AACLIB,DATEFLL,DLTF,FILE,-,-,-,-,-,D,todo,KOUBAI01,AACLIB,DATEFLL
0,-,-,-,-,1,KOUBAI01,BAALIB,JBAA20M0,698,CL,6221,KOUBAI01,AACLIB,AAC010O1L,DLTF,FILE,-,-,-,-,-,D,todo,KOUBAI01,AACLIB,AAC010O1L
0,-,-,-,-,1,KOUBAI01,BAALIB,JBAA20M0,698,CL,6241,KOUBAI01,AACLIB,AAC010O2L,DLTF,FILE,-,-,-,-,-,D,todo,KOUBAI01,AACLIB,AAC010O2L
0,-,-,-,-,1,KOUBAI01,BAALIB,JBAA20M0,698,CL,6261,KOUBAI01,AACLIB,AAC010O3L,DLTF,FILE,-,-,-,-,-,D,todo,KOUBAI01,AACLIB,AAC010O3L
0,-,-,-,-,1,KOUBAI01,BAALIB,JBAA20M0,698,CL,6281,KOUBAI01,AACLIB,AAC010O4L,DLTF,FILE,-,-,-,-,-,D,todo,KOUBAI01,AACLIB,AAC010O4L
0,-,-,-,-,1,KOUBAI01,BAALIB,JBAA20M0,698,CL,6301,KOUBAI01,AACLIB,AAC010E1L,DLTF,FILE,-,-,-,-,-,D,todo,KOUBAI01,AACLIB,AAC010E1L
0,-,-,-,-,1,KOUBAI01,BAALIB,JBAA20M0,698,CL,6321,KOUBAI01,AACLIB,AAC010I1L,DLTF,FILE,-,-,-,-,-,D,todo,KOUBAI01,AACLIB,AAC010I1L
0,-,-,-,-,1,KOUBAI01,BAALIB,JBAA20M0,698,CL,6341,KOUBAI01,AACLIB,AAC010I2L,DLTF,FILE,-,-,-,-,-,D,todo,KOUBAI01,AACLIB,AAC010I2L
0,-,-,-,-,1,KOUBAI01,BAALIB,JBAA20M0,698,CL,6361,KOUBAI01,AACLIB,AAC010I3L,DLTF,FILE,-,-,-,-,-,D,todo,KOUBAI01,AACLIB,AAC010I3L
0,-,-,-,-,1,KOUBAI01,BAALIB,JBAA20M0,698,CL,6381,KOUBAI01,AACLIB,AAC010DKL,DLTF,FILE,-,-,-,-,-,D,todo,KOUBAI01,AACLIB,AAC010DKL
0,-,-,-,-,1,KOUBAI01,BAALIB,JBAA20M0,698,CL,6401,KOUBAI01,AACLIB,AAC070INL,DLTF,FILE,-,-,-,-,-,D,todo,KOUBAI01,AACLIB,AAC070INL
0,-,-,-,-,1,KOUBAI01,BAALIB,JBAA20M0,698,CL,6421,KOUBAI01,AACLIB,AAC080DKL,DLTF,FILE,-,-,-,-,-,D,todo,KOUBAI01,AACLIB,AAC080DKL
0,-,-,-,-,1,KOUBAI01,BAALIB,JBAA20M0,698,CL,6441,KOUBAI01,AACLIB,AAC070I1L,DLTF,FILE,-,-,-,-,-,D,todo,KOUBAI01,AACLIB,AAC070I1L
0,-,-,-,-,1,KOUBAI01,BAALIB,JBAA20M0,698,CL,6461,KOUBAI01,AACLIB,AAC070I2L,DLTF,FILE,-,-,-,-,-,D,todo,KOUBAI01,AACLIB,AAC070I2L
0,-,-,-,-,1,KOUBAI01,BAALIB,JBAA20M0,698,CL,6481,KOUBAI01,AACLIB,AAC070D2L,DLTF,FILE,-,-,-,-,-,D,todo,KOUBAI01,AACLIB,AAC070D2L
0,-,-,-,-,1,KOUBAI01,BAALIB,JBAA20M0,698,CL,6641,KOUBAI01,VABLIB,YUSHOFL.P,CHKOBJ,OBJ,-,-,todo,todo,todo,todo,todo,KOUBAI01,VABLIB,YUSHOFL.P
0,-,-,-,-,1,KOUBAI01,BAALIB,JBAA20M0,698,CL,6651,KOUBAI01,VABLIB,YUSHOFL.P,CRTPF,FILE,-,-,todo,todo,todo,todo,todo,KOUBAI01,VABLIB,YUSHOFL.P
0,-,-,-,-,1,KOUBAI01,BAALIB,JBAA20M0,698,CL,6691,KOUBAI01,VABLIB,YUSHOFL.P,CLRPFM,FILE,-,-,-,-,-,D,todo,KOUBAI01,VABLIB,YUSHOFL.P
0,-,-,-,-,1,KOUBAI01,BAALIB,JBAA20M0,698,CL,6711,KOUBAI01,BAALIB,INPFL,OVRDBF,FROMFILE,-,-,todo,todo,todo,todo,todo,KOUBAI01,BAALIB,INPFL
0,-,-,-,-,1,KOUBAI01,BAALIB,JBAA20M0,698,CL,6712,KOUBAI01,BAALIB,YUSHOFL,OVRDBF,TOFILE,-,-,todo,todo,todo,todo,todo,KOUBAI01,BAALIB,YUSHOFL
0,-,-,-,-,1,KOUBAI01,BAALIB,JBAA20M0,698,CL,6721,KOUBAI01,PIALIB,PIAGMC,OVRDBF,FROMFILE,-,-,todo,todo,todo,todo,todo,KOUBAI01,PIALIB,PIAGMC
0,-,-,-,-,1,KOUBAI01,BAALIB,JBAA20M0,698,CL,6722,KOUBAI01,PIALIB,PIAGMC,OVRDBF,TOFILE,-,-,todo,todo,todo,todo,todo,KOUBAI01,PIALIB,PIAGMC
0,-,-,-,-,1,KOUBAI01,BAALIB,JBAA20M0,698,CL,6731,KOUBAI01,BAALIB,OUTFL,OVRDBF,FROMFILE,-,-,todo,todo,todo,todo,todo,KOUBAI01,BAALIB,OUTFL
0,-,-,-,-,1,KOUBAI01,BAALIB,JBAA20M0,698,CL,6732,KOUBAI01,VABLIB,YUSHOFL.P,OVRDBF,TOFILE,-,-,todo,todo,todo,todo,todo,KOUBAI01,VABLIB,YUSHOFL.P
0,-,-,-,-,1,KOUBAI01,BAALIB,JBAA20M0,698,CL,6771,KOUBAI01,VABLIB,YUSHOFL.P,CPYF,FROMFILE,-,-,-,R,-,-,todo,KOUBAI01,VABLIB,YUSHOFL.P
0,-,-,-,-,1,KOUBAI01,BAALIB,JBAA20M0,698,CL,6772,KOUBAI01,DTM2LIB,YUSHOFL,CPYF,TOFILE,-,-,C,-,-,-,todo,KOUBAI01,DTM2LIB,YUSHOFL
0,-,-,-,-,1,KOUBAI01,BAALIB,JBAA20M0,698,CL,6821,KOUBAI01,VABLIB,YUSHOFL.P,DLTF,FILE,-,-,-,-,-,D,todo,KOUBAI01,VABLIB,YUSHOFL.P
1,KOUBAI01,BAALIB,JBAA20M0,82,2,KOUBAI01,OPLIB,CYAE320,0,NotFoundSource,-,-,-,-,-,-,-,-,-,-,-,-,-,-,-,-
1,KOUBAI01,BAALIB,JBAA20M0,121,2,KOUBAI01,BAALIB,ABAA015,261,RPG3,1211,KOUBAI01,BAALIB,BAA015I,D,F,128,I,n,R,n,n,D,todo,todo,todo
1,KOUBAI01,BAALIB,JBAA20M0,121,2,KOUBAI01,BAALIB,ABAA015,261,RPG3,1212,KOUBAI01,PIALIB,PIAGM1,D,E,-,I,n,R,n,n,D,KOUBAI01,PIALIB,PIAGM1
1,KOUBAI01,BAALIB,JBAA20M0,121,2,KOUBAI01,BAALIB,ABAA015,261,RPG3,1213,KOUBAI01,PIALIB,PIAGMC,D,E,-,I,n,R,n,n,D,KOUBAI01,PIALIB,PIAGMC
1,KOUBAI01,BAALIB,JBAA20M0,121,2,KOUBAI01,BAALIB,ABAA015,261,RPG3,1214,KOUBAI01,COMNLIB,HINHNT,D,E,-,I,n,R,n,n,D,KOUBAI01,COMNLIB,HINHNT
1,KOUBAI01,BAALIB,JBAA20M0,121,2,KOUBAI01,BAALIB,ABAA015,261,RPG3,1215,KOUBAI01,COMNLIB,BHNKOT,D,E,-,I,n,R,n,n,D,KOUBAI01,COMNLIB,BHNKOT
1,KOUBAI01,BAALIB,JBAA20M0,121,2,KOUBAI01,BAALIB,ABAA015,261,RPG3,1216,KOUBAI01,BAALIB,BAA015O,D,F,96,O,C,n,n,n,D,todo,todo,todo
1,KOUBAI01,BAALIB,JBAA20M0,214,2,KOUBAI01,BAALIB,ABAA040,288,RPG3,2141,KOUBAI01,BAALIB,BAA040I,D,F,96,I,n,R,n,n,D,todo,todo,todo
1,KOUBAI01,BAALIB,JBAA20M0,214,2,KOUBAI01,BAALIB,ABAA040,288,RPG3,2142,KOUBAI01,PIALIB,PIAGM1,D,E,-,I,n,R,n,n,D,KOUBAI01,PIALIB,PIAGM1
1,KOUBAI01,BAALIB,JBAA20M0,214,2,KOUBAI01,BAALIB,ABAA040,288,RPG3,2143,KOUBAI01,PIALIB,PIAGM2,D,E,-,I,n,R,n,n,D,KOUBAI01,PIALIB,PIAGM2
1,KOUBAI01,BAALIB,JBAA20M0,214,2,KOUBAI01,BAALIB,ABAA040,288,RPG3,2144,KOUBAI01,PIALIB,PIAGM3,D,E,-,I,n,R,n,n,D,KOUBAI01,PIALIB,PIAGM3
1,KOUBAI01,BAALIB,JBAA20M0,214,2,KOUBAI01,BAALIB,ABAA040,288,RPG3,2145,KOUBAI01,BAALIB,BAA040O,D,F,96,O,C,n,n,n,D,todo,todo,todo
1,KOUBAI01,BAALIB,JBAA20M0,214,2,KOUBAI01,BAALIB,ABAA040,288,RPG3,2146,KOUBAI01,BAALIB,ERRORFL,D,F,96,O,C,n,n,n,D,todo,todo,todo
1,KOUBAI01,BAALIB,JBAA20M0,214,2,KOUBAI01,BAALIB,ABAA040,288,RPG3,2147,KOUBAI01,BAALIB,QPRINT,P,F,132,O,C,n,n,n,P,todo,todo,todo
1,KOUBAI01,BAALIB,JBAA20M0,247,2,KOUBAI01,BAALIB,ABAA050A,49,RPG3,2471,KOUBAI01,BAALIB,BAA050I,D,F,96,I,n,R,n,n,D,todo,todo,todo
1,KOUBAI01,BAALIB,JBAA20M0,247,2,KOUBAI01,BAALIB,ABAA050A,49,RPG3,2472,KOUBAI01,BAALIB,BAA050O,D,F,128,O,C,n,n,n,D,todo,todo,todo
1,KOUBAI01,BAALIB,JBAA20M0,264,2,KOUBAI01,BAALIB,ABAA055,46,RPG3,2641,KOUBAI01,BAALIB,BAA055I,D,F,32,I,n,R,n,n,D,todo,todo,todo
1,KOUBAI01,BAALIB,JBAA20M0,264,2,KOUBAI01,BAALIB,ABAA055,46,RPG3,2642,KOUBAI01,BAALIB,BAA055O,D,F,32,O,C,n,n,n,D,todo,todo,todo
1,KOUBAI01,BAALIB,JBAA20M0,334,2,KOUBAI01,BAALIB,ABAA060A,251,RPG3,3341,KOUBAI01,BAALIB,BAA060P,D,F,128,I,n,R,n,n,D,todo,todo,todo
1,KOUBAI01,BAALIB,JBAA20M0,334,2,KOUBAI01,BAALIB,ABAA060A,251,RPG3,3342,KOUBAI01,BAALIB,BAA060S,D,F,128,I,n,R,n,n,D,todo,todo,todo
1,KOUBAI01,BAALIB,JBAA20M0,334,2,KOUBAI01,BAALIB,ABAA060A,251,RPG3,3343,KOUBAI01,BAALIB,SGCHKTB,D,F,96,I,n,R,n,n,D,todo,todo,todo
1,KOUBAI01,BAALIB,JBAA20M0,334,2,KOUBAI01,BAALIB,ABAA060A,251,RPG3,3344,KOUBAI01,BAALIB,DAISUTB,D,F,32,I,n,R,n,n,D,todo,todo,todo
1,KOUBAI01,BAALIB,JBAA20M0,334,2,KOUBAI01,BAALIB,ABAA060A,251,RPG3,3345,KOUBAI01,BAALIB,BAA060O,D,F,128,O,C,n,n,n,D,todo,todo,todo
1,KOUBAI01,BAALIB,JBAA20M0,334,2,KOUBAI01,BAALIB,ABAA060A,251,RPG3,3346,KOUBAI01,BAALIB,PRINT,P,F,150,O,C,n,n,n,P,todo,todo,todo
1,KOUBAI01,BAALIB,JBAA20M0,384,2,KOUBAI01,BAALIB,ABAA070,164,RPG3,3841,KOUBAI01,BAALIB,BAA070P,D,F,128,I,n,R,n,n,D,todo,todo,todo
1,KOUBAI01,BAALIB,JBAA20M0,384,2,KOUBAI01,BAALIB,ABAA070,164,RPG3,3842,KOUBAI01,BAALIB,BAA070S,D,F,128,I,n,R,n,n,D,todo,todo,todo
1,KOUBAI01,BAALIB,JBAA20M0,384,2,KOUBAI01,BAALIB,ABAA070,164,RPG3,3843,KOUBAI01,BAALIB,BAA070O,D,F,128,O,C,n,n,n,D,todo,todo,todo
1,KOUBAI01,BAALIB,JBAA20M0,384,2,KOUBAI01,BAALIB,ABAA070,164,RPG3,3844,KOUBAI01,BAALIB,PRINT,P,F,132,O,C,n,n,n,P,todo,todo,todo
1,KOUBAI01,BAALIB,JBAA20M0,401,2,KOUBAI01,BAALIB,ABAA075,195,RPG3,4011,KOUBAI01,BAALIB,FILEA,D,F,128,I,n,R,n,n,D,todo,todo,todo
1,KOUBAI01,BAALIB,JBAA20M0,401,2,KOUBAI01,BAALIB,ABAA075,195,RPG3,4012,KOUBAI01,BAALIB,OUTFL,D,F,128,O,C,n,n,n,D,todo,todo,todo
1,KOUBAI01,BAALIB,JBAA20M0,418,2,KOUBAI01,BAALIB,ABAA10C,52,RPG3,4181,KOUBAI01,BAALIB,FILEA,D,F,128,I,n,R,n,n,D,todo,todo,todo
1,KOUBAI01,BAALIB,JBAA20M0,418,2,KOUBAI01,BAALIB,ABAA10C,52,RPG3,4182,KOUBAI01,BAALIB,OUTFL,D,F,80,O,C,n,n,n,D,todo,todo,todo
1,KOUBAI01,BAALIB,JBAA20M0,432,2,KOUBAI01,RJELIB,PGO128,0,NotFoundSource,-,-,-,-,-,-,-,-,-,-,-,-,-,-,-,-
1,KOUBAI01,BAALIB,JBAA20M0,674,2,KOUBAI01,VABLIB,AVABXXX,0,NotFoundSource,-,-,-,-,-,-,-,-,-,-,-,-,-,-,-,-
